{
    "ins-01.txt": 0.0578741,
    "ins-02.txt": 0.036892,
    "ins-03.txt": 0.0508346,
    "ins-04.txt": 0.1107444,
    "ins-05.txt": 0.1177158,
    "ins-06.txt": 0.1785538,
    "ins-07.txt": 0.2683132,
    "ins-08.txt": 0.1935218,
    "ins-09.txt": 0.2643321,
    "ins-10.txt": 0.5515565,
    "ins-11.txt": -1,
    "ins-12.txt": 2.6817852,
    "ins-13.txt": 2.3568435,
    "ins-14.txt": 7.6093573,
    "ins-15.txt": 3.7851834,
    "ins-16.txt": -1,
    "ins-17.txt": 32.5154195,
    "ins-18.txt": 16.8492307,
    "ins-19.txt": -1,
    "ins-20.txt": -1,
    "ins-21.txt": -1,
    "ins-22.txt": -1,
    "ins-23.txt": 63.3611523,
    "ins-24.txt": 68.4949331,
    "ins-25.txt": -1,
    "ins-26.txt": -1,
    "ins-27.txt": 61.8385848,
    "ins-28.txt": 59.828819,
    "ins-29.txt": -1,
    "ins-30.txt": -1,
    "ins-31.txt": 10.9478906,
    "ins-32.txt": -1,
    "ins-33.txt": 37.0134144,
    "ins-34.txt": -1,
    "ins-35.txt": -1,
    "ins-36.txt": -1,
    "ins-37.txt": -1,
    "ins-38.txt": -1,
    "ins-39.txt": -1,
    "ins-40.txt": -1
}