{
    "ins-01.txt": 0.0783631,
    "ins-02.txt": 0.0678467,
    "ins-03.txt": 0.2020195,
    "ins-04.txt": 0.5149846,
    "ins-05.txt": 1.0219608,
    "ins-06.txt": 2.9918133,
    "ins-07.txt": 3.2138799,
    "ins-08.txt": 1.1715235,
    "ins-09.txt": 4.2580496,
    "ins-10.txt": 206.9287828,
    "ins-11.txt": -1,
    "ins-12.txt": 4.553757,
    "ins-13.txt": -1,
    "ins-14.txt": -1,
    "ins-15.txt": 36.7596386,
    "ins-16.txt": -1,
    "ins-17.txt": -1,
    "ins-18.txt": 61.2689387,
    "ins-19.txt": -1,
    "ins-20.txt": -1,
    "ins-21.txt": -1,
    "ins-22.txt": -1,
    "ins-23.txt": -1,
    "ins-24.txt": -1,
    "ins-25.txt": -1,
    "ins-26.txt": -1,
    "ins-27.txt": -1,
    "ins-28.txt": -1,
    "ins-29.txt": -1,
    "ins-30.txt": -1,
    "ins-31.txt": -1,
    "ins-32.txt": -1,
    "ins-33.txt": 222.1948256,
    "ins-34.txt": -1,
    "ins-35.txt": -1,
    "ins-36.txt": -1,
    "ins-37.txt": -1,
    "ins-38.txt": -1,
    "ins-39.txt": -1,
    "ins-40.txt": -1
}