{
    "ins-01.txt": 0.1980399,
    "ins-02.txt": 0.0887522,
    "ins-03.txt": 0.2234047,
    "ins-04.txt": 0.8471339,
    "ins-05.txt": 2.5190471,
    "ins-06.txt": 3.7126232,
    "ins-07.txt": 2.6975173,
    "ins-08.txt": 0.7380795,
    "ins-09.txt": 4.4802241,
    "ins-10.txt": 278.4801263,
    "ins-11.txt": -1,
    "ins-12.txt": 22.0231352,
    "ins-13.txt": 198.6957491,
    "ins-14.txt": -1,
    "ins-15.txt": 77.400284,
    "ins-16.txt": -1,
    "ins-17.txt": 185.0318942,
    "ins-18.txt": -1,
    "ins-19.txt": -1,
    "ins-20.txt": -1,
    "ins-21.txt": -1,
    "ins-22.txt": -1,
    "ins-23.txt": -1,
    "ins-24.txt": -1,
    "ins-25.txt": -1,
    "ins-26.txt": -1,
    "ins-27.txt": -1,
    "ins-28.txt": -1,
    "ins-29.txt": -1,
    "ins-30.txt": -1,
    "ins-31.txt": 210.4746357,
    "ins-32.txt": -1,
    "ins-33.txt": 265.5235413,
    "ins-34.txt": -1,
    "ins-35.txt": -1,
    "ins-36.txt": -1,
    "ins-37.txt": -1,
    "ins-38.txt": -1,
    "ins-39.txt": -1,
    "ins-40.txt": -1
}