{
    "ins-01.txt": 0.0498694,
    "ins-02.txt": 0.0728071,
    "ins-03.txt": 0.1057469,
    "ins-04.txt": 0.2044748,
    "ins-05.txt": 0.3989462,
    "ins-06.txt": 0.8517031,
    "ins-07.txt": 0.5934445,
    "ins-08.txt": 2.9463092,
    "ins-09.txt": 0.7021462
}