{
    "ins-10.txt": 108.8559203,
    "ins-11.txt": -1,
    "ins-12.txt": 29.222234,
    "ins-13.txt": 101.5467035,
    "ins-14.txt": 162.9719215,
    "ins-15.txt": 129.9977054,
    "ins-16.txt": -1,
    "ins-17.txt": 46.3018729,
    "ins-18.txt": 250.0160828,
    "ins-19.txt": -1
}