{
    "ins-01.txt": 0.0229378,
    "ins-02.txt": 0.0309185,
    "ins-03.txt": 0.0470232,
    "ins-04.txt": 0.089307,
    "ins-05.txt": 0.0927937,
    "ins-06.txt": 0.1496008,
    "ins-07.txt": 0.1487193,
    "ins-08.txt": 0.1436048,
    "ins-09.txt": 0.184715,
    "ins-10.txt": 0.4260056,
    "ins-11.txt": -1,
    "ins-12.txt": 1.398393,
    "ins-13.txt": 1.5390891,
    "ins-14.txt": 3.2524027,
    "ins-15.txt": 2.5903617,
    "ins-16.txt": -1,
    "ins-17.txt": 39.5306066,
    "ins-18.txt": 10.4662169,
    "ins-19.txt": -1,
    "ins-20.txt": 270.8002391,
    "ins-21.txt": -1,
    "ins-22.txt": -1,
    "ins-23.txt": 61.3234431,
    "ins-24.txt": 16.5821384,
    "ins-25.txt": -1,
    "ins-26.txt": -1,
    "ins-27.txt": 65.0761884,
    "ins-28.txt": 45.3905283,
    "ins-29.txt": 198.1897764,
    "ins-30.txt": -1,
    "ins-31.txt": 17.6517357,
    "ins-32.txt": -1,
    "ins-33.txt": 51.0204066,
    "ins-34.txt": -1,
    "ins-35.txt": -1,
    "ins-36.txt": -1,
    "ins-37.txt": -1,
    "ins-38.txt": -1,
    "ins-39.txt": -1,
    "ins-40.txt": -1
}