{
    "ins-01.txt": 0.0354293,
    "ins-02.txt": 0.0458357,
    "ins-03.txt": 0.0987534,
    "ins-04.txt": 0.1213578,
    "ins-05.txt": 0.1617668,
    "ins-06.txt": 0.330137,
    "ins-07.txt": 0.3759421,
    "ins-08.txt": 0.2772647,
    "ins-09.txt": 0.3191192,
    "ins-10.txt": 0.9269855,
    "ins-11.txt": -1,
    "ins-12.txt": 4.1753686,
    "ins-13.txt": 3.7443468,
    "ins-14.txt": 8.514602,
    "ins-15.txt": 5.3719088,
    "ins-16.txt": -1,
    "ins-17.txt": 26.9190951,
    "ins-18.txt": 12.7267593,
    "ins-19.txt": -1,
    "ins-20.txt": -1,
    "ins-21.txt": -1,
    "ins-22.txt": -1,
    "ins-23.txt": 79.1882267,
    "ins-24.txt": 103.2294975,
    "ins-25.txt": -1,
    "ins-26.txt": -1,
    "ins-27.txt": 202.7632852,
    "ins-28.txt": 126.0710919,
    "ins-29.txt": 262.5874563,
    "ins-30.txt": -1,
    "ins-31.txt": 20.0845384,
    "ins-32.txt": -1,
    "ins-33.txt": 33.6777407,
    "ins-34.txt": -1,
    "ins-35.txt": -1,
    "ins-36.txt": -1,
    "ins-37.txt": -1,
    "ins-38.txt": -1,
    "ins-39.txt": -1,
    "ins-40.txt": -1
}