{
    "ins-01.txt": 0.0369426,
    "ins-02.txt": 0.0569147,
    "ins-03.txt": 0.1117096,
    "ins-04.txt": 0.1491401,
    "ins-05.txt": 0.23737,
    "ins-06.txt": 0.4029292,
    "ins-07.txt": 0.3780116,
    "ins-08.txt": 0.5201578,
    "ins-09.txt": 0.4135233,
    "ins-10.txt": 1.0600103,
    "ins-11.txt": -1,
    "ins-12.txt": 1.5312375,
    "ins-13.txt": 2.0493331,
    "ins-14.txt": 3.3079153,
    "ins-15.txt": 3.6160697,
    "ins-16.txt": -1,
    "ins-17.txt": 17.0168299,
    "ins-19.txt": -1,
    "ins-20.txt": -1,
    "ins-21.txt": 26.014949,
    "ins-22.txt": -1,
    "ins-23.txt": 54.2941636,
    "ins-24.txt": 10.3659628,
    "ins-25.txt": -1,
    "ins-26.txt": -1,
    "ins-27.txt": 189.3869757,
    "ins-28.txt": 112.3566754,
    "ins-29.txt": 205.8638533,
    "ins-30.txt": -1,
    "ins-31.txt": 25.7159793,
    "ins-32.txt": -1,
    "ins-33.txt": 79.6961301,
    "ins-34.txt": -1,
    "ins-35.txt": -1,
    "ins-36.txt": -1,
    "ins-37.txt": -1,
    "ins-38.txt": -1,
    "ins-39.txt": -1,
    "ins-40.txt": -1
}