{
    "ins-01.txt": 0.1406261,
    "ins-02.txt": 0.0369004,
    "ins-03.txt": 0.113696,
    "ins-04.txt": 0.0849912,
    "ins-05.txt": 0.1027241,
    "ins-06.txt": 0.1685515,
    "ins-07.txt": 0.2084417,
    "ins-08.txt": 0.1556206,
    "ins-09.txt": 0.1675524,
    "ins-10.txt": 0.4657474,
    "ins-11.txt": -1,
    "ins-12.txt": 1.5440363,
    "ins-13.txt": 1.5524634,
    "ins-14.txt": 2.4911261,
    "ins-15.txt": 1.9689968,
    "ins-16.txt": -1,
    "ins-17.txt": 37.2947582,
    "ins-18.txt": 11.344021,
    "ins-19.txt": -1,
    "ins-20.txt": 242.9484831,
    "ins-21.txt": -1,
    "ins-22.txt": -1,
    "ins-23.txt": 54.4419392,
    "ins-24.txt": 15.8101448,
    "ins-25.txt": -1,
    "ins-26.txt": -1,
    "ins-27.txt": 51.2867826,
    "ins-28.txt": 34.0354295,
    "ins-29.txt": 180.9363041,
    "ins-30.txt": -1,
    "ins-31.txt": 20.7429721,
    "ins-32.txt": -1,
    "ins-33.txt": 50.225514,
    "ins-34.txt": -1,
    "ins-35.txt": -1,
    "ins-36.txt": -1,
    "ins-37.txt": -1,
    "ins-38.txt": -1,
    "ins-39.txt": -1,
    "ins-40.txt": -1
}