{
    "ins-10.txt": 149.4639372,
    "ins-11.txt": -1,
    "ins-12.txt": 6.1811593,
    "ins-13.txt": 151.6443234,
    "ins-14.txt": -1,
    "ins-15.txt": 17.4689016,
    "ins-16.txt": -1,
    "ins-17.txt": 227.1973157,
    "ins-18.txt": -1,
    "ins-19.txt": -1
}