{
    "ins-01.txt": 0.0937193,
    "ins-02.txt": 0.2213343,
    "ins-03.txt": 0.2451139,
    "ins-04.txt": 0.5157481,
    "ins-05.txt": 1.4992694,
    "ins-06.txt": 1.8667198,
    "ins-07.txt": 1.8706472,
    "ins-08.txt": 1.6014634,
    "ins-09.txt": 2.1209993,
    "ins-10.txt": 121.9322665,
    "ins-11.txt": -1,
    "ins-12.txt": 154.3910715,
    "ins-13.txt": 279.6322271,
    "ins-14.txt": 212.5075331,
    "ins-15.txt": 61.5358468,
    "ins-16.txt": -1,
    "ins-17.txt": -1,
    "ins-18.txt": -1,
    "ins-19.txt": -1,
    "ins-20.txt": -1,
    "ins-21.txt": -1,
    "ins-22.txt": -1,
    "ins-23.txt": -1,
    "ins-24.txt": -1,
    "ins-25.txt": -1,
    "ins-26.txt": -1,
    "ins-27.txt": -1,
    "ins-28.txt": -1,
    "ins-29.txt": -1,
    "ins-30.txt": -1,
    "ins-31.txt": -1,
    "ins-32.txt": -1,
    "ins-33.txt": -1,
    "ins-34.txt": -1,
    "ins-35.txt": -1,
    "ins-36.txt": -1,
    "ins-37.txt": -1,
    "ins-38.txt": -1,
    "ins-39.txt": -1,
    "ins-40.txt": -1
}