{
    "ins-01.txt": 0.0239337,
    "ins-02.txt": 0.0259306,
    "ins-03.txt": 0.0498776,
    "ins-04.txt": 0.1063641,
    "ins-05.txt": 0.1217148,
    "ins-06.txt": 0.1835818,
    "ins-07.txt": 0.261771,
    "ins-08.txt": 0.2672733,
    "ins-09.txt": 0.2343736,
    "ins-10.txt": 0.6236675,
    "ins-11.txt": -1,
    "ins-12.txt": 2.8096081,
    "ins-13.txt": 2.1336985,
    "ins-14.txt": 6.6271525,
    "ins-15.txt": 3.1742255,
    "ins-16.txt": -1,
    "ins-17.txt": 26.9986038,
    "ins-18.txt": 13.0743353,
    "ins-19.txt": -1,
    "ins-20.txt": -1,
    "ins-21.txt": -1,
    "ins-22.txt": -1,
    "ins-23.txt": 62.5644574,
    "ins-24.txt": 67.4747154,
    "ins-25.txt": -1,
    "ins-26.txt": -1,
    "ins-27.txt": 38.176679,
    "ins-28.txt": 41.0800931,
    "ins-29.txt": -1,
    "ins-30.txt": -1,
    "ins-31.txt": 11.8332865,
    "ins-32.txt": -1,
    "ins-33.txt": 38.5695799,
    "ins-34.txt": -1,
    "ins-35.txt": -1,
    "ins-36.txt": -1,
    "ins-37.txt": -1,
    "ins-38.txt": -1,
    "ins-39.txt": -1,
    "ins-40.txt": -1
}