{
    "ins-01.txt": 0.1014918,
    "ins-02.txt": 0.0947145,
    "ins-03.txt": 0.2013119,
    "ins-04.txt": 0.71048,
    "ins-05.txt": 4.7019905,
    "ins-06.txt": 5.4278288,
    "ins-07.txt": 7.1729114,
    "ins-08.txt": 5.5222137,
    "ins-09.txt": 7.5750383,
    "ins-10.txt": 1034.3613562,
    "ins-11.txt": -1,
    "ins-12.txt": -1,
    "ins-13.txt": -1,
    "ins-14.txt": -1,
    "ins-15.txt": -1,
    "ins-16.txt": -1,
    "ins-17.txt": -1,
    "ins-18.txt": -1,
    "ins-19.txt": -1,
    "ins-20.txt": -1,
    "ins-21.txt": -1,
    "ins-22.txt": -1,
    "ins-23.txt": -1,
    "ins-24.txt": -1,
    "ins-25.txt": -1,
    "ins-26.txt": -1,
    "ins-27.txt": -1,
    "ins-28.txt": -1,
    "ins-29.txt": -1,
    "ins-30.txt": -1,
    "ins-31.txt": -1,
    "ins-32.txt": -1,
    "ins-33.txt": -1,
    "ins-34.txt": -1,
    "ins-35.txt": -1,
    "ins-36.txt": -1,
    "ins-37.txt": -1,
    "ins-38.txt": -1,
    "ins-39.txt": -1,
    "ins-40.txt": -1
}