{
    "ins-10.dzn": 0.6468625,
    "ins-11.dzn": -1,
    "ins-12.dzn": 1.0723839,
    "ins-13.dzn": 1.8752607,
    "ins-14.dzn": 3.0510393,
    "ins-15.dzn": 0.9811375,
    "ins-16.dzn": -1,
    "ins-17.dzn": 2.3349668,
    "ins-18.dzn": 5.2543218,
    "ins-19.dzn": -1
}