{
    "ins-01.dzn": 0.7273371,
    "ins-02.dzn": 0.5344229,
    "ins-03.dzn": 0.5213047,
    "ins-04.dzn": 0.5183102,
    "ins-05.dzn": 0.5670007,
    "ins-06.dzn": 0.6712168,
    "ins-07.dzn": 0.8391628,
    "ins-08.dzn": 0.7017919,
    "ins-09.dzn": 0.9603916,
    "ins-10.dzn": 26.0539987,
    "ins-11.dzn": -1,
    "ins-12.dzn": -1,
    "ins-13.dzn": 19.5177275,
    "ins-14.dzn": 264.9918136,
    "ins-15.dzn": 1.0494354,
    "ins-16.dzn": -1,
    "ins-17.dzn": -1,
    "ins-18.dzn": -1,
    "ins-19.dzn": -1,
    "ins-20.dzn": -1,
    "ins-21.dzn": -1,
    "ins-22.dzn": -1,
    "ins-23.dzn": -1,
    "ins-24.dzn": 34.4185375,
    "ins-25.dzn": -1,
    "ins-26.dzn": -1,
    "ins-27.dzn": -1,
    "ins-28.dzn": -1,
    "ins-29.dzn": -1,
    "ins-30.dzn": -1,
    "ins-31.dzn": -1,
    "ins-32.dzn": -1,
    "ins-33.dzn": -1,
    "ins-34.dzn": -1,
    "ins-35.dzn": -1,
    "ins-36.dzn": -1,
    "ins-37.dzn": -1,
    "ins-38.dzn": -1,
    "ins-39.dzn": -1,
    "ins-40.dzn": -1
}