{
    "ins-01.dzn": 0.5719841,
    "ins-02.dzn": 0.2822267,
    "ins-03.dzn": 0.2618821,
    "ins-04.dzn": 0.2606739,
    "ins-05.dzn": 0.2850677,
    "ins-06.dzn": 0.3340469,
    "ins-07.dzn": 0.3089736,
    "ins-08.dzn": 0.3212043,
    "ins-09.dzn": 0.3221081,
    "ins-10.dzn": 0.362406,
    "ins-11.dzn": -1,
    "ins-12.dzn": 0.9831696,
    "ins-13.dzn": 0.8867908,
    "ins-14.dzn": 3.0101279,
    "ins-15.dzn": 0.448733,
    "ins-16.dzn": -1,
    "ins-17.dzn": 11.7992606,
    "ins-18.dzn": 0.8525014,
    "ins-19.dzn": -1,
    "ins-20.dzn": 157.2742966,
    "ins-21.dzn": -1,
    "ins-22.dzn": -1,
    "ins-23.dzn": -1,
    "ins-24.dzn": -1,
    "ins-25.dzn": -1,
    "ins-26.dzn": 135.8192928,
    "ins-27.dzn": 184.2062186,
    "ins-28.dzn": 2.7344379,
    "ins-29.dzn": 68.2966063,
    "ins-30.dzn": -1,
    "ins-31.dzn": 3.4760963,
    "ins-32.dzn": -1,
    "ins-33.dzn": 135.0969019,
    "ins-34.dzn": -1,
    "ins-35.dzn": -1,
    "ins-36.dzn": -1,
    "ins-37.dzn": -1,
    "ins-38.dzn": -1,
    "ins-39.dzn": -1,
    "ins-40.dzn": -1
}