{
    "ins-01.dzn": 0.6552471,
    "ins-02.dzn": 0.4627469,
    "ins-03.dzn": 0.3967164,
    "ins-04.dzn": 0.3366359,
    "ins-05.dzn": 0.3788605,
    "ins-06.dzn": 0.4408217,
    "ins-07.dzn": 0.3591296,
    "ins-08.dzn": 0.4066284,
    "ins-09.dzn": 0.3729514,
    "ins-10.dzn": 0.4372085,
    "ins-11.dzn": 133.7767903,
    "ins-12.dzn": 0.8114446,
    "ins-13.dzn": 0.6491152,
    "ins-14.dzn": 1.1586536,
    "ins-15.dzn": 0.7773582,
    "ins-16.dzn": -1,
    "ins-17.dzn": 2.2020996,
    "ins-18.dzn": 5.7420016,
    "ins-19.dzn": -1,
    "ins-20.dzn": 61.0749408,
    "ins-21.dzn": -1,
    "ins-22.dzn": -1,
    "ins-23.dzn": -1,
    "ins-24.dzn": 17.887153,
    "ins-25.dzn": -1,
    "ins-26.dzn": -1,
    "ins-27.dzn": 223.5277494,
    "ins-28.dzn": -1,
    "ins-29.dzn": -1,
    "ins-30.dzn": -1,
    "ins-31.dzn": 9.5531333,
    "ins-32.dzn": -1,
    "ins-33.dzn": 4.7218219,
    "ins-34.dzn": -1,
    "ins-35.dzn": -1,
    "ins-36.dzn": -1,
    "ins-37.dzn": -1,
    "ins-38.dzn": -1,
    "ins-39.dzn": -1,
    "ins-40.dzn": -1
}