{
    "ins-10.dzn": 0.8694786,
    "ins-11.dzn": 16.3407527,
    "ins-12.dzn": -1,
    "ins-13.dzn": -1,
    "ins-14.dzn": -1,
    "ins-15.dzn": 0.789918,
    "ins-16.dzn": 127.8670462,
    "ins-17.dzn": -1,
    "ins-18.dzn": 1.2433354,
    "ins-19.dzn": -1
}