{
    "ins-01.dzn": 0.8657687,
    "ins-02.dzn": 0.5885548,
    "ins-03.dzn": 0.6202094,
    "ins-04.dzn": 0.903824,
    "ins-05.dzn": 1.1725295,
    "ins-06.dzn": 1.8983691,
    "ins-07.dzn": 1.6490565,
    "ins-08.dzn": 0.8601693,
    "ins-09.dzn": 1.2619086,
    "ins-10.dzn": 61.7361825,
    "ins-11.dzn": -1,
    "ins-12.dzn": 135.5317392,
    "ins-13.dzn": 13.3610919,
    "ins-14.dzn": -1,
    "ins-15.dzn": 31.9241601,
    "ins-16.dzn": -1,
    "ins-17.dzn": -1,
    "ins-18.dzn": -1,
    "ins-19.dzn": -1,
    "ins-20.dzn": -1,
    "ins-21.dzn": -1,
    "ins-22.dzn": -1,
    "ins-23.dzn": -1,
    "ins-24.dzn": -1,
    "ins-25.dzn": -1,
    "ins-26.dzn": -1,
    "ins-27.dzn": -1,
    "ins-28.dzn": -1,
    "ins-29.dzn": -1,
    "ins-30.dzn": -1,
    "ins-31.dzn": 242.8145594,
    "ins-32.dzn": -1,
    "ins-33.dzn": -1,
    "ins-34.dzn": -1,
    "ins-35.dzn": -1,
    "ins-36.dzn": -1,
    "ins-37.dzn": -1,
    "ins-38.dzn": -1,
    "ins-39.dzn": -1,
    "ins-40.dzn": -1
}