{
    "ins-10.dzn": 0.3823157,
    "ins-11.dzn": -1,
    "ins-12.dzn": 1.1691265,
    "ins-13.dzn": 1.0132013,
    "ins-14.dzn": 3.6557093,
    "ins-15.dzn": 0.5116504,
    "ins-16.dzn": -1,
    "ins-17.dzn": 12.5178317,
    "ins-18.dzn": 0.9042182,
    "ins-19.dzn": -1
}