{
    "ins-01.dzn": 0.3261292,
    "ins-02.dzn": 0.2942475,
    "ins-03.dzn": 0.2987859,
    "ins-04.dzn": 0.2947209,
    "ins-05.dzn": 0.3095452,
    "ins-06.dzn": 0.3170533,
    "ins-07.dzn": 0.3162605,
    "ins-08.dzn": 0.3500647,
    "ins-09.dzn": 0.353293,
    "ins-10.dzn": 0.4071172,
    "ins-11.dzn": 42.4097584,
    "ins-12.dzn": 0.4768076,
    "ins-13.dzn": 0.5164545,
    "ins-14.dzn": 0.7415193,
    "ins-15.dzn": 0.7905355,
    "ins-16.dzn": -1,
    "ins-17.dzn": 1.1127361,
    "ins-18.dzn": 2.1224547,
    "ins-19.dzn": -1,
    "ins-20.dzn": 29.2006923,
    "ins-21.dzn": -1,
    "ins-22.dzn": -1,
    "ins-23.dzn": 7.9865536,
    "ins-24.dzn": 1.9270245,
    "ins-25.dzn": -1,
    "ins-26.dzn": 61.0085962,
    "ins-27.dzn": 2.7989193,
    "ins-28.dzn": 80.3481925,
    "ins-29.dzn": 215.4106609,
    "ins-30.dzn": -1,
    "ins-31.dzn": 1.6456455,
    "ins-32.dzn": -1,
    "ins-33.dzn": 2.7700003,
    "ins-34.dzn": -1,
    "ins-35.dzn": -1,
    "ins-36.dzn": -1,
    "ins-37.dzn": -1,
    "ins-38.dzn": -1,
    "ins-39.dzn": -1,
    "ins-40.dzn": -1
}