{
    "ins-01.dzn": 0.379253,
    "ins-02.dzn": 0.3443891,
    "ins-03.dzn": 0.2869257,
    "ins-04.dzn": 0.2613316,
    "ins-05.dzn": 0.2900132,
    "ins-06.dzn": 0.2902521,
    "ins-07.dzn": 0.2727249,
    "ins-08.dzn": 0.3051523,
    "ins-09.dzn": 0.3064431,
    "ins-10.dzn": 0.4124855,
    "ins-11.dzn": 39.8193743,
    "ins-12.dzn": 0.6339452,
    "ins-13.dzn": 0.6813534,
    "ins-14.dzn": 2.1090418,
    "ins-15.dzn": 0.8373659,
    "ins-16.dzn": -1,
    "ins-17.dzn": 5.9906915,
    "ins-18.dzn": 2.4823074,
    "ins-19.dzn": -1,
    "ins-20.dzn": 15.8674142,
    "ins-21.dzn": -1,
    "ins-22.dzn": -1,
    "ins-23.dzn": 4.7209264,
    "ins-24.dzn": 28.9162628,
    "ins-25.dzn": -1,
    "ins-26.dzn": 230.0932424,
    "ins-27.dzn": 142.2149762,
    "ins-28.dzn": -1,
    "ins-29.dzn": -1,
    "ins-30.dzn": -1,
    "ins-31.dzn": 34.7892804,
    "ins-32.dzn": -1,
    "ins-33.dzn": 43.5241444,
    "ins-34.dzn": -1,
    "ins-35.dzn": -1,
    "ins-36.dzn": -1,
    "ins-37.dzn": -1,
    "ins-38.dzn": -1,
    "ins-39.dzn": -1,
    "ins-40.dzn": -1
}