{
    "ins-10.dzn": 0.5142498,
    "ins-11.dzn": 162.0542464,
    "ins-12.dzn": 1.580126,
    "ins-13.dzn": 0.9560388,
    "ins-14.dzn": 79.2169401,
    "ins-15.dzn": 34.8157186,
    "ins-16.dzn": -1,
    "ins-17.dzn": 203.7344863,
    "ins-18.dzn": -1,
    "ins-19.dzn": -1
}