{
    "ins-10.dzn": 29.7839414,
    "ins-11.dzn": -1,
    "ins-12.dzn": -1,
    "ins-13.dzn": 24.1864749,
    "ins-14.dzn": -1,
    "ins-15.dzn": 1.2295049,
    "ins-16.dzn": -1,
    "ins-17.dzn": -1,
    "ins-18.dzn": -1,
    "ins-19.dzn": -1
}