{
    "ins-01.dzn": 0.5938572,
    "ins-02.dzn": 0.4990609,
    "ins-03.dzn": 0.5138598,
    "ins-04.dzn": 0.4998519,
    "ins-05.dzn": 0.9475168,
    "ins-06.dzn": 1.3193146,
    "ins-07.dzn": 2.5456981,
    "ins-08.dzn": 5.7755669,
    "ins-09.dzn": 4.1712571,
    "ins-10.dzn": 2.0849666,
    "ins-11.dzn": -1,
    "ins-12.dzn": 138.7289796,
    "ins-13.dzn": 175.3591402,
    "ins-14.dzn": 18.873448,
    "ins-15.dzn": -1,
    "ins-16.dzn": -1,
    "ins-17.dzn": 120.9618563,
    "ins-18.dzn": -1,
    "ins-19.dzn": -1,
    "ins-20.dzn": 212.9224949,
    "ins-21.dzn": -1,
    "ins-22.dzn": -1,
    "ins-23.dzn": -1,
    "ins-24.dzn": -1,
    "ins-25.dzn": -1,
    "ins-26.dzn": -1,
    "ins-27.dzn": -1,
    "ins-28.dzn": -1,
    "ins-29.dzn": -1,
    "ins-30.dzn": -1,
    "ins-31.dzn": -1,
    "ins-32.dzn": -1,
    "ins-33.dzn": -1,
    "ins-34.dzn": -1,
    "ins-35.dzn": -1,
    "ins-36.dzn": -1,
    "ins-37.dzn": -1,
    "ins-38.dzn": -1,
    "ins-39.dzn": -1,
    "ins-40.dzn": -1
}