{
    "ins-01.dzn": 0.6008116,
    "ins-02.dzn": 0.5712008,
    "ins-03.dzn": 0.5216407,
    "ins-04.dzn": 0.5332654,
    "ins-05.dzn": 0.5426009,
    "ins-06.dzn": 0.5606182,
    "ins-07.dzn": 0.5713495,
    "ins-08.dzn": 0.6536537,
    "ins-09.dzn": 0.6103328,
    "ins-10.dzn": 1.0505091,
    "ins-11.dzn": -1,
    "ins-12.dzn": 1.112745,
    "ins-13.dzn": 1.0908572,
    "ins-14.dzn": 1.5894016,
    "ins-15.dzn": 1.968712,
    "ins-16.dzn": -1,
    "ins-17.dzn": 7.5248885,
    "ins-18.dzn": 99.5344094,
    "ins-19.dzn": -1,
    "ins-20.dzn": 99.3606275,
    "ins-21.dzn": -1,
    "ins-22.dzn": -1,
    "ins-23.dzn": 17.5045686,
    "ins-24.dzn": 38.6603801,
    "ins-25.dzn": -1,
    "ins-26.dzn": -1,
    "ins-27.dzn": -1,
    "ins-28.dzn": 219.9720419,
    "ins-29.dzn": -1,
    "ins-30.dzn": -1,
    "ins-31.dzn": -1,
    "ins-32.dzn": -1,
    "ins-33.dzn": 58.28702,
    "ins-34.dzn": -1,
    "ins-35.dzn": -1,
    "ins-36.dzn": -1,
    "ins-37.dzn": -1,
    "ins-38.dzn": -1,
    "ins-39.dzn": -1,
    "ins-40.dzn": -1
}