{
    "ins-01.dzn": 0.3251335,
    "ins-02.dzn": 0.3126523,
    "ins-03.dzn": 0.2856122,
    "ins-04.dzn": 0.2834048,
    "ins-05.dzn": 0.2927809,
    "ins-06.dzn": 0.3809037,
    "ins-07.dzn": 0.6534261,
    "ins-08.dzn": 0.7047078,
    "ins-09.dzn": 0.3570526,
    "ins-10.dzn": 0.4987439,
    "ins-11.dzn": 150.0819877,
    "ins-12.dzn": 1.4440413,
    "ins-13.dzn": 0.8809432,
    "ins-14.dzn": 72.5914411,
    "ins-15.dzn": 32.4610894,
    "ins-16.dzn": -1,
    "ins-17.dzn": 187.5654889,
    "ins-18.dzn": -1,
    "ins-19.dzn": -1,
    "ins-20.dzn": -1,
    "ins-21.dzn": -1,
    "ins-22.dzn": -1,
    "ins-23.dzn": -1,
    "ins-24.dzn": -1,
    "ins-25.dzn": -1,
    "ins-26.dzn": -1,
    "ins-27.dzn": -1,
    "ins-28.dzn": -1,
    "ins-29.dzn": -1,
    "ins-30.dzn": -1,
    "ins-31.dzn": -1,
    "ins-32.dzn": -1,
    "ins-33.dzn": 291.8974671,
    "ins-34.dzn": -1,
    "ins-35.dzn": -1,
    "ins-36.dzn": -1,
    "ins-37.dzn": -1,
    "ins-38.dzn": -1,
    "ins-39.dzn": -1,
    "ins-40.dzn": -1
}