{
    "ins-10.dzn": 0.4636416,
    "ins-11.dzn": 38.8331138,
    "ins-12.dzn": 0.6485489,
    "ins-13.dzn": 0.6947538,
    "ins-14.dzn": 1.8489569,
    "ins-15.dzn": 0.7990724,
    "ins-16.dzn": -1,
    "ins-17.dzn": 6.6633163,
    "ins-18.dzn": 2.5981348,
    "ins-19.dzn": -1
}