{
    "ins-01.dzn": 0.6208941,
    "ins-02.dzn": 0.5265504,
    "ins-03.dzn": 0.5009096,
    "ins-04.dzn": 0.4975894,
    "ins-05.dzn": 0.495273,
    "ins-06.dzn": 0.5139533,
    "ins-07.dzn": 0.5223075,
    "ins-08.dzn": 0.5350028,
    "ins-09.dzn": 0.5905232,
    "ins-10.dzn": 0.6081275,
    "ins-11.dzn": 55.8423004,
    "ins-12.dzn": 0.6253434,
    "ins-13.dzn": 0.7027867,
    "ins-14.dzn": 0.937981,
    "ins-15.dzn": 0.7637723,
    "ins-16.dzn": -1,
    "ins-17.dzn": 1.264228,
    "ins-18.dzn": 1.1056376,
    "ins-19.dzn": -1,
    "ins-20.dzn": 45.4624148,
    "ins-21.dzn": -1,
    "ins-22.dzn": -1,
    "ins-23.dzn": -1,
    "ins-24.dzn": 1.5592597,
    "ins-25.dzn": -1,
    "ins-26.dzn": 35.2525029,
    "ins-27.dzn": 2.4097815,
    "ins-28.dzn": 8.739063,
    "ins-29.dzn": 2.4504457,
    "ins-30.dzn": -1,
    "ins-31.dzn": 4.1460272,
    "ins-32.dzn": -1,
    "ins-33.dzn": 4.8880911,
    "ins-34.dzn": -1,
    "ins-35.dzn": -1,
    "ins-36.dzn": -1,
    "ins-37.dzn": -1,
    "ins-38.dzn": -1,
    "ins-39.dzn": -1,
    "ins-40.dzn": -1
}