{
    "ins-01.dzn": 0.7977403,
    "ins-02.dzn": 0.2180006,
    "ins-03.dzn": 0.2324338,
    "ins-04.dzn": 0.224754,
    "ins-05.dzn": 0.2389009,
    "ins-06.dzn": 0.2445707,
    "ins-07.dzn": 0.2452453,
    "ins-08.dzn": 0.2714488,
    "ins-09.dzn": 0.2876881,
    "ins-10.dzn": 0.2924086,
    "ins-11.dzn": 38.2848653,
    "ins-12.dzn": 0.459285,
    "ins-13.dzn": 0.4886954,
    "ins-14.dzn": 0.6702308,
    "ins-15.dzn": 0.7368501,
    "ins-16.dzn": -1,
    "ins-17.dzn": 2.5676573,
    "ins-18.dzn": 7.3220617,
    "ins-19.dzn": -1,
    "ins-20.dzn": 44.8857667,
    "ins-21.dzn": -1,
    "ins-22.dzn": -1,
    "ins-23.dzn": 5.9678488,
    "ins-24.dzn": 1.467993,
    "ins-25.dzn": -1,
    "ins-26.dzn": 49.3584428,
    "ins-27.dzn": 2.2306475,
    "ins-28.dzn": 64.4550794,
    "ins-29.dzn": 169.2103931,
    "ins-30.dzn": -1,
    "ins-31.dzn": 1.4355173,
    "ins-32.dzn": -1,
    "ins-33.dzn": 2.4777943,
    "ins-34.dzn": -1,
    "ins-35.dzn": -1,
    "ins-36.dzn": -1,
    "ins-37.dzn": -1,
    "ins-38.dzn": -1,
    "ins-39.dzn": -1,
    "ins-40.dzn": -1
}