{
    "ins-10.dzn": 7.6576297,
    "ins-11.dzn": -1,
    "ins-12.dzn": 14.0308091,
    "ins-13.dzn": 12.48491,
    "ins-14.dzn": 76.629099,
    "ins-15.dzn": 19.2569253,
    "ins-16.dzn": -1,
    "ins-17.dzn": -1,
    "ins-18.dzn": -1,
    "ins-19.dzn": -1
}