{
    "ins-10.dzn": 0.6086825,
    "ins-11.dzn": 59.3925543,
    "ins-12.dzn": 0.6648606,
    "ins-13.dzn": 0.7295808,
    "ins-14.dzn": 1.0140229,
    "ins-15.dzn": 0.831064,
    "ins-16.dzn": -1,
    "ins-17.dzn": 1.6177959,
    "ins-18.dzn": 1.2855243,
    "ins-19.dzn": -1
}