{
    "ins-01.dzn": 0.0099746,
    "ins-02.dzn": 0.0109421,
    "ins-03.dzn": 0.011969,
    "ins-04.dzn": 0.0109698,
    "ins-05.dzn": 0.0129669,
    "ins-06.dzn": 0.0119684,
    "ins-07.dzn": 0.0109692,
    "ins-08.dzn": 0.0099742,
    "ins-09.dzn": 0.0139546,
    "ins-10.dzn": 0.0089757,
    "ins-12.dzn": 0.0129976
}